old_path,new_path,specimen_spot_note
Carbonates/Aragonite1.0.dpt,carbonates/aragonite_ER_IR_1_0.dpt,
Carbonates/Aragonite1.14.dpt,carbonates/aragonite_ER_IR_1_14.dpt,
Carbonates/Aragonite1.2.dpt,carbonates/aragonite_ER_IR_1_2.dpt,
Carbonates/Aragonite1.3.dpt,carbonates/aragonite_ER_IR_1_3.dpt,
Carbonates/Aragonite1.5.dpt,carbonates/aragonite_ER_IR_1_5.dpt,
Carbonates/Aragonite1.6.dpt,carbonates/aragonite_ER_IR_1_6.dpt,
Carbonates/Aragonite1.7.dpt,carbonates/aragonite_ER_IR_1_7.dpt,
Carbonates/Aragonite1.9.dpt,carbonates/aragonite_ER_IR_1_9.dpt,
Carbonates/Aragonite2.0.dpt,carbonates/aragonite_ER_IR_2_0.dpt,
Carbonates/Aragonite2.1.dpt,carbonates/aragonite_ER_IR_2_1.dpt,
Carbonates/Aragonite2.2.dpt,carbonates/aragonite_ER_IR_2_2.dpt,
Carbonates/Aragonite2.3.dpt,carbonates/aragonite_ER_IR_2_3.dpt,
Carbonates/Aragonite2.4.dpt,carbonates/aragonite_ER_IR_2_4.dpt,
Carbonates/Aragonite2.5.dpt,carbonates/aragonite_ER_IR_2_5.dpt,
Carbonates/Aragonite2.6.dpt,carbonates/aragonite_ER_IR_2_6.dpt,
Carbonates/Aragonite2.7.dpt,carbonates/aragonite_ER_IR_2_7.dpt,
Carbonates/Aragonite2.8.dpt,carbonates/aragonite_ER_IR_2_8.dpt,
Carbonates/Aragonite2.9.dpt,carbonates/aragonite_ER_IR_2_9.dpt,
Carbonates/Azurite1.0.dpt,carbonates/azurite_ER_IR_1_0.dpt,
Carbonates/Azurite1.1.dpt,carbonates/azurite_ER_IR_1_1.dpt,
Carbonates/Azurite1.10.dpt,carbonates/azurite_ER_IR_1_10.dpt,
Carbonates/Azurite1.11.dpt,carbonates/azurite_ER_IR_1_11.dpt,
Carbonates/Azurite1.2.dpt,carbonates/azurite_ER_IR_1_2.dpt,
Carbonates/Azurite1.3.dpt,carbonates/azurite_ER_IR_1_3.dpt,
Carbonates/Azurite1.4.dpt,carbonates/azurite_ER_IR_1_4.dpt,
Carbonates/Azurite1.5.dpt,carbonates/azurite_ER_IR_1_5.dpt,
Carbonates/Azurite1.6.dpt,carbonates/azurite_ER_IR_1_6.dpt,
Carbonates/Azurite1.7.dpt,carbonates/azurite_ER_IR_1_7.dpt,
Carbonates/Azurite1.8.dpt,carbonates/azurite_ER_IR_1_8.dpt,
Carbonates/Azurite1.9.dpt,carbonates/azurite_ER_IR_1_9.dpt,
Carbonates/Azurite2.0.dpt,carbonates/azurite_ER_IR_2_0.dpt,
Carbonates/Azurite2.1.dpt,carbonates/azurite_ER_IR_2_1.dpt,
Carbonates/Azurite2.10.dpt,carbonates/azurite_ER_IR_2_10.dpt,
Carbonates/Azurite2.3.dpt,carbonates/azurite_ER_IR_2_3.dpt,
Carbonates/Azurite2.4.dpt,carbonates/azurite_ER_IR_2_4.dpt,
Carbonates/Azurite2.5.dpt,carbonates/azurite_ER_IR_2_5.dpt,
Carbonates/Azurite2.6.dpt,carbonates/azurite_ER_IR_2_6.dpt,
Carbonates/Azurite2.7.dpt,carbonates/azurite_ER_IR_2_7.dpt,
Carbonates/Azurite2.8.dpt,carbonates/azurite_ER_IR_2_8.dpt,
Carbonates/Azurite2.9.dpt,carbonates/azurite_ER_IR_2_9.dpt,
Carbonates/Calcite1.0.dpt,carbonates/calcite_ER_IR_1_0.dpt,
Carbonates/Calcite1.1.dpt,carbonates/calcite_ER_IR_1_1.dpt,
Carbonates/Calcite1.2.dpt,carbonates/calcite_ER_IR_1_2.dpt,
Carbonates/Calcite1.3.dpt,carbonates/calcite_ER_IR_1_3.dpt,
Carbonates/Calcite1.4.dpt,carbonates/calcite_ER_IR_1_4.dpt,
Carbonates/Calcite1.5.dpt,carbonates/calcite_ER_IR_1_5.dpt,
Carbonates/Calcite1.6.dpt,carbonates/calcite_ER_IR_1_6.dpt,
Carbonates/Calcite1.7.dpt,carbonates/calcite_ER_IR_1_7.dpt,
Carbonates/Calcite1.8.dpt,carbonates/calcite_ER_IR_1_8.dpt,
Carbonates/Calcite1.9.dpt,carbonates/calcite_ER_IR_1_9.dpt,
Carbonates/Calcite2.0.dpt,carbonates/calcite_ER_IR_2_0.dpt,
Carbonates/Calcite2.1.dpt,carbonates/calcite_ER_IR_2_1.dpt,
Carbonates/Calcite2.10.dpt,carbonates/calcite_ER_IR_2_10.dpt,
Carbonates/Calcite2.2.dpt,carbonates/calcite_ER_IR_2_2.dpt,
Carbonates/Calcite2.3.dpt,carbonates/calcite_ER_IR_2_3.dpt,
Carbonates/Calcite2.4.dpt,carbonates/calcite_ER_IR_2_4.dpt,
Carbonates/Calcite2.5.dpt,carbonates/calcite_ER_IR_2_5.dpt,
Carbonates/Calcite2.6.dpt,carbonates/calcite_ER_IR_2_6.dpt,
Carbonates/Calcite2.7.dpt,carbonates/calcite_ER_IR_2_7.dpt,
Carbonates/Calcite2.8.dpt,carbonates/calcite_ER_IR_2_8.dpt,
Carbonates/Calcite2.9.dpt,carbonates/calcite_ER_IR_2_9.dpt,
Carbonates/Cerussite1.0.dpt,carbonates/cerussite_ER_IR_1_0.dpt,
Carbonates/Cerussite1.1.dpt,carbonates/cerussite_ER_IR_1_1.dpt,
Carbonates/Cerussite1.2.dpt,carbonates/cerussite_ER_IR_1_2.dpt,
Carbonates/Cerussite1.3.dpt,carbonates/cerussite_ER_IR_1_3.dpt,
Carbonates/Cerussite1.4.dpt,carbonates/cerussite_ER_IR_1_4.dpt,
Carbonates/Cerussite1.5.dpt,carbonates/cerussite_ER_IR_1_5.dpt,
Carbonates/Cerussite1.6.dpt,carbonates/cerussite_ER_IR_1_6.dpt,
Carbonates/Cerussite1.7.dpt,carbonates/cerussite_ER_IR_1_7.dpt,
Carbonates/Cerussite1.8.dpt,carbonates/cerussite_ER_IR_1_8.dpt,
Carbonates/Cerussite1.9.dpt,carbonates/cerussite_ER_IR_1_9.dpt,
Carbonates/Cerussite2.0.dpt,carbonates/cerussite_ER_IR_2_0.dpt,
Carbonates/Cerussite2.1.dpt,carbonates/cerussite_ER_IR_2_1.dpt,
Carbonates/Cerussite2.2.dpt,carbonates/cerussite_ER_IR_2_2.dpt,
Carbonates/Cerussite2.3.dpt,carbonates/cerussite_ER_IR_2_3.dpt,
Carbonates/Cerussite2.4.dpt,carbonates/cerussite_ER_IR_2_4.dpt,
Carbonates/Cerussite2.5.dpt,carbonates/cerussite_ER_IR_2_5.dpt,
Carbonates/Cerussite2.6.dpt,carbonates/cerussite_ER_IR_2_6.dpt,
Carbonates/Cerussite2.7.dpt,carbonates/cerussite_ER_IR_2_7.dpt,
Carbonates/Cerussite2.8.dpt,carbonates/cerussite_ER_IR_2_8.dpt,
Carbonates/Cerussite2.9.dpt,carbonates/cerussite_ER_IR_2_9.dpt,
Carbonates/dolomite1.1.dpt,carbonates/dolomite_ER_IR_1_1.dpt,
Carbonates/Dolomite1.2.dpt,carbonates/dolomite_ER_IR_1_2.dpt,
Carbonates/dolomite1.3.dpt,carbonates/dolomite_ER_IR_1_3.dpt,
Carbonates/Dolomite1.4.dpt,carbonates/dolomite_ER_IR_1_4.dpt,
Carbonates/Dolomite1.5.dpt,carbonates/dolomite_ER_IR_1_5.dpt,
Carbonates/Dolomite1.6.dpt,carbonates/dolomite_ER_IR_1_6.dpt,
Carbonates/Dolomite1.7.dpt,carbonates/dolomite_ER_IR_1_7.dpt,
Carbonates/Dolomite1.8.dpt,carbonates/dolomite_ER_IR_1_8.dpt,
Carbonates/Dolomite1.9.dpt,carbonates/dolomite_ER_IR_1_9.dpt,
Carbonates/Malachite2.0.dpt,carbonates/malachite_ER_IR_2_0.dpt,
Carbonates/Malachite2.1.dpt,carbonates/malachite_ER_IR_2_1.dpt,
Carbonates/Malachite2.2.dpt,carbonates/malachite_ER_IR_2_2.dpt,
Carbonates/Malachite2.3.dpt,carbonates/malachite_ER_IR_2_3.dpt,
Carbonates/Malachite2.4.dpt,carbonates/malachite_ER_IR_2_4.dpt,
Carbonates/Malachite2.5.dpt,carbonates/malachite_ER_IR_2_5.dpt,
Carbonates/Malachite2.6.dpt,carbonates/malachite_ER_IR_2_6.dpt,
Carbonates/Malachite2.7.dpt,carbonates/malachite_ER_IR_2_7.dpt,
Carbonates/Malachite2.8.dpt,carbonates/malachite_ER_IR_2_8.dpt,
Carbonates/Malachite2.9.dpt,carbonates/malachite_ER_IR_2_9.dpt,
Carbonates/powder_dolomite/dolomite_ER_1.0.dpt,carbonates/powder_dolomite/dolomite_ER_IR_2_1.dpt,
Carbonates/powder_dolomite/dolomite_ER_10.0.dpt,carbonates/powder_dolomite/dolomite_ER_IR_2_10.dpt,
Carbonates/powder_dolomite/dolomite_ER_2.0.dpt,carbonates/powder_dolomite/dolomite_ER_IR_2_2.dpt,
Carbonates/powder_dolomite/dolomite_ER_3.0.dpt,carbonates/powder_dolomite/dolomite_ER_IR_2_3.dpt,
Carbonates/powder_dolomite/dolomite_ER_4.0.dpt,carbonates/powder_dolomite/dolomite_ER_IR_2_4.dpt,
Carbonates/powder_dolomite/dolomite_ER_5.0.dpt,carbonates/powder_dolomite/dolomite_ER_IR_2_5.dpt,
Carbonates/powder_dolomite/dolomite_ER_6.0.dpt,carbonates/powder_dolomite/dolomite_ER_IR_2_6.dpt,
Carbonates/powder_dolomite/dolomite_ER_7.0.dpt,carbonates/powder_dolomite/dolomite_ER_IR_2_7.dpt,
Carbonates/powder_dolomite/dolomite_ER_8.0.dpt,carbonates/powder_dolomite/dolomite_ER_IR_2_8.dpt,
Carbonates/powder_dolomite/dolomiter_ER_9.0.dpt,carbonates/powder_dolomite/dolomite_ER_IR_2_9.dpt,
Oxides/goethite1.1.dpt,oxides/goethite_ER_IR_1_1.dpt,
Oxides/Goethite1.2.dpt,oxides/goethite_ER_IR_1_2.dpt,
Oxides/Goethite1.3.dpt,oxides/goethite_ER_IR_1_3.dpt,
Oxides/Goethite1.4.dpt,oxides/goethite_ER_IR_1_4.dpt,
Oxides/Goethite1.5.dpt,oxides/goethite_ER_IR_1_5.dpt,
Oxides/Goethite1.6.dpt,oxides/goethite_ER_IR_1_6.dpt,
Oxides/Goethite1.7.dpt,oxides/goethite_ER_IR_1_7.dpt,
Oxides/Goethite1.8.dpt,oxides/goethite_ER_IR_1_8.dpt,
Oxides/Goethite1.9.dpt,oxides/goethite_ER_IR_1_9.dpt,
Oxides/Goethite2.0.dpt,oxides/goethite_ER_IR_2_0.dpt,
Oxides/Goethite2.1.dpt,oxides/goethite_ER_IR_2_1.dpt,
Oxides/Goethite2.10.dpt,oxides/goethite_ER_IR_2_10.dpt,
Oxides/Goethite2.2.dpt,oxides/goethite_ER_IR_2_2.dpt,
Oxides/Goethite2.3.dpt,oxides/goethite_ER_IR_2_3.dpt,
Oxides/Goethite2.4.dpt,oxides/goethite_ER_IR_2_4.dpt,
Oxides/Goethite2.6.dpt,oxides/goethite_ER_IR_2_6.dpt,
Oxides/Goethite2.7.dpt,oxides/goethite_ER_IR_2_7.dpt,
Oxides/Goethite2.8.dpt,oxides/goethite_ER_IR_2_8.dpt,
Oxides/Goethite2.9.dpt,oxides/goethite_ER_IR_2_9.dpt,
Oxides/hematite1.1.dpt,oxides/hematite_ER_IR_1_1.dpt,
Oxides/hematite1.2.dpt,oxides/hematite_ER_IR_1_2.dpt,
Oxides/hematite1.3.dpt,oxides/hematite_ER_IR_1_3.dpt,
Oxides/hematite1.4.dpt,oxides/hematite_ER_IR_1_4.dpt,
Oxides/hematitie1.3.dpt,oxides/hematite_ER_IR_1_5.dpt,
Oxides/hematite2.1.dpt,oxides/hematite_ER_IR_2_1.dpt,
Oxides/hematite2.12.dpt,oxides/hematite_ER_IR_2_12.dpt,
Oxides/hematite2.14.dpt,oxides/hematite_ER_IR_2_14.dpt,
Oxides/hematite2.15.dpt,oxides/hematite_ER_IR_2_15.dpt,
Oxides/hematite2.16.dpt,oxides/hematite_ER_IR_2_16.dpt,
Oxides/hematite2.2.dpt,oxides/hematite_ER_IR_2_2.dpt,
Oxides/hematite2.3.dpt,oxides/hematite_ER_IR_2_3.dpt,
Oxides/hematite2.5.dpt,oxides/hematite_ER_IR_2_5.dpt,
Oxides/hematite2.7.dpt,oxides/hematite_ER_IR_2_7.dpt,
Oxides/hematite2.9.dpt,oxides/hematite_ER_IR_2_9.dpt,
Oxides/Magnetite1.0.dpt,oxides/magnetite_ER_IR_1_0.dpt,
Oxides/Magnetite1.1.dpt,oxides/magnetite_ER_IR_1_1.dpt,
Oxides/Magnetite1.2.dpt,oxides/magnetite_ER_IR_1_2.dpt,
Oxides/Magnetite1.3.dpt,oxides/magnetite_ER_IR_1_3.dpt,
Oxides/Magnetite1.4.dpt,oxides/magnetite_ER_IR_1_4.dpt,
Oxides/Magnetite1.5.dpt,oxides/magnetite_ER_IR_1_5.dpt,
Oxides/Magnetite1.6.dpt,oxides/magnetite_ER_IR_1_6.dpt,
Oxides/Magnetite1.7.dpt,oxides/magnetite_ER_IR_1_7.dpt,
Oxides/Magnetite1.8.dpt,oxides/magnetite_ER_IR_1_8.dpt,
Oxides/Magnetite1.9.dpt,oxides/magnetite_ER_IR_1_9.dpt,
Oxides/Magnetite2.0.dpt,oxides/magnetite_ER_IR_2_0.dpt,
Oxides/Magnetite2.1.dpt,oxides/magnetite_ER_IR_2_1.dpt,
Oxides/Magnetite2.10.dpt,oxides/magnetite_ER_IR_2_10.dpt,
Oxides/Magnetite2.11.dpt,oxides/magnetite_ER_IR_2_11.dpt,
Oxides/Magnetite2.2.dpt,oxides/magnetite_ER_IR_2_2.dpt,
Oxides/Magnetite2.3.dpt,oxides/magnetite_ER_IR_2_3.dpt,
Oxides/Magnetite2.4.dpt,oxides/magnetite_ER_IR_2_4.dpt,
Oxides/Magnetite2.5.dpt,oxides/magnetite_ER_IR_2_5.dpt,
Oxides/Magnetite2.6.dpt,oxides/magnetite_ER_IR_2_6.dpt,
Oxides/Magnetite2.7.dpt,oxides/magnetite_ER_IR_2_7.dpt,
Oxides/Magnetite2.8.dpt,oxides/magnetite_ER_IR_2_8.dpt,
Oxides/Magnetite2.9.dpt,oxides/magnetite_ER_IR_2_9.dpt,
PowderATR/AragonitePowder.0.dpt,powder_atr/aragonite_ATR.dpt,
PowderATR/AzuritePowder.0.dpt,powder_atr/azurite_ATR.dpt,
PowderATR/CalcitePowder.0.dpt,powder_atr/calcite_ATR.dpt,
PowderATR/CerussitePowder.0.dpt,powder_atr/cerussite_ATR.dpt,
PowderATR/CinnabarPowder.0.dpt,powder_atr/cinnabar_ATR.dpt,
PowderATR/dolomite_powder_ATR.dpt,powder_atr/dolomite_ATR.dpt,
PowderATR/GoethitePowder.0.dpt,powder_atr/goethite_ATR.dpt,
PowderATR/HematitePowder.0.dpt,powder_atr/hematite_ATR.dpt,
PowderATR/LazuritePowder.0.dpt,powder_atr/lazurite_ATR.dpt,
PowderATR/MalachitePowder.0.dpt,powder_atr/malachite_ATR.dpt,
PowderATR/Orpiment_ATR.dpt,powder_atr/orpiment_ATR.dpt,
Silicates/LasuriteFrag1_p1.0.dpt,silicates/lazurite_ER_IR_1_1.dpt,point 1
Silicates/lazurite_p1.0.dpt,silicates/lazurite_ER_IR_1_2.dpt,point 1
Silicates/LazuriteFrag1_p1.0.dpt,silicates/lazurite_ER_IR_1_3.dpt,point 1
Silicates/lazuriteSample_p1.0.dpt,silicates/lazurite_ER_IR_1_4.dpt,point 1
Silicates/lazurite1.1.dpt,silicates/lazurite_ER_IR_1_5.dpt,point 1
Silicates/LazuriteFrag1_p2.0.dpt,silicates/lazurite_ER_IR_1_6.dpt,point 2
Silicates/LazuriteFrag1_p3.0.dpt,silicates/lazurite_ER_IR_1_7.dpt,point 3
Silicates/LazuriteFrag1_p4.0.dpt,silicates/lazurite_ER_IR_1_8.dpt,point 4
Silicates/lazurite_samp2_p1.0.dpt,silicates/lazurite_ER_IR_2_1.dpt,point 1
Silicates/lazurite_samp2_p2.0.dpt,silicates/lazurite_ER_IR_2_2.dpt,point 2
Silicates/lazurite_samp2_p3.0.dpt,silicates/lazurite_ER_IR_2_3.dpt,point 3
Silicates/lazurite_samp2_p4.0.dpt,silicates/lazurite_ER_IR_2_4.dpt,point 4
Silicates/lazurite_samp2_p5.0.dpt,silicates/lazurite_ER_IR_2_5.dpt,point 5
Sulfides/cinnabar1.1.dpt,sulfides/cinnabar_ER_IR_1_1.dpt,
Sulfides/cinnabar 1.2.dpt,sulfides/cinnabar_ER_IR_1_2.dpt,
Sulfides/cinnabr1.3.dpt,sulfides/cinnabar_ER_IR_1_3.dpt,
Sulfides/cinnabar1.4.dpt,sulfides/cinnabar_ER_IR_1_4.dpt,
Sulfides/cinnabar1.6.dpt,sulfides/cinnabar_ER_IR_1_6.dpt,
Sulfides/cinnabar2.1.dpt,sulfides/cinnabar_ER_IR_2_1.dpt,
Sulfides/cinnabar2.3.dpt,sulfides/cinnabar_ER_IR_2_3.dpt,
Sulfides/cinnabar2.5.dpt,sulfides/cinnabar_ER_IR_2_5.dpt,
Sulfides/cinnabar2.6.dpt,sulfides/cinnabar_ER_IR_2_6.dpt,
Sulfides/cinnabar2.7.dpt,sulfides/cinnabar_ER_IR_2_7.dpt,
Sulfides/cinnabar2.8.dpt,sulfides/cinnabar_ER_IR_2_8.dpt,
Sulfides/Orpiment1.0.dpt,sulfides/orpiment_ER_IR_1_0.dpt,
Sulfides/Orpiment1.1.dpt,sulfides/orpiment_ER_IR_1_1.dpt,
Sulfides/Orpiment1.2.dpt,sulfides/orpiment_ER_IR_1_2.dpt,
Sulfides/Orpiment1.3.dpt,sulfides/orpiment_ER_IR_1_3.dpt,
Sulfides/Orpiment1.4.dpt,sulfides/orpiment_ER_IR_1_4.dpt,
Sulfides/Orpiment1.5.dpt,sulfides/orpiment_ER_IR_1_5.dpt,
Sulfides/Orpiment1.6.dpt,sulfides/orpiment_ER_IR_1_6.dpt,
Sulfides/Orpiment1.7.dpt,sulfides/orpiment_ER_IR_1_7.dpt,
Sulfides/Orpiment1.8.dpt,sulfides/orpiment_ER_IR_1_8.dpt,
Sulfides/Orpiment1.9.dpt,sulfides/orpiment_ER_IR_1_9.dpt,
Sulfides/Orpiment2.0.dpt,sulfides/orpiment_ER_IR_2_0.dpt,
Sulfides/Orpiment2.1.dpt,sulfides/orpiment_ER_IR_2_1.dpt,
Sulfides/Orpiment2.2.dpt,sulfides/orpiment_ER_IR_2_2.dpt,
Sulfides/Orpiment2.3.dpt,sulfides/orpiment_ER_IR_2_3.dpt,
Sulfides/Orpiment2.4.dpt,sulfides/orpiment_ER_IR_2_4.dpt,
Sulfides/Orpiment2.5.dpt,sulfides/orpiment_ER_IR_2_5.dpt,
Sulfides/Orpiment2.6.dpt,sulfides/orpiment_ER_IR_2_6.dpt,
Sulfides/Orpiment2.7.dpt,sulfides/orpiment_ER_IR_2_7.dpt,
Sulfides/Orpiment2.8.dpt,sulfides/orpiment_ER_IR_2_8.dpt,
Sulfides/Orpiment2.9.dpt,sulfides/orpiment_ER_IR_2_9.dpt,
Carbonates/synth_malachite/synth_malachite_ATR.dpt,synthetics/malachite/synth_malachite_ATR.dpt,
Carbonates/synth_malachite/synth_malachite_ER.0.dpt,synthetics/malachite/synth_malachite_ER_IR_0.dpt,
Carbonates/synth_malachite/synth_malachite_ER_10.dpt,synthetics/malachite/synth_malachite_ER_IR_10.dpt,
Carbonates/synth_malachite/synth_malachite_ER_11.dpt,synthetics/malachite/synth_malachite_ER_IR_11.dpt,
Carbonates/synth_malachite/synth_malachite_ER_12.dpt,synthetics/malachite/synth_malachite_ER_IR_12.dpt,
Carbonates/synth_malachite/synth_malachite_ER_2.dpt,synthetics/malachite/synth_malachite_ER_IR_2.dpt,
Carbonates/synth_malachite/synth_malachite_ER_3.dpt,synthetics/malachite/synth_malachite_ER_IR_3.dpt,
Carbonates/synth_malachite/synth_malachite_ER_4.dpt,synthetics/malachite/synth_malachite_ER_IR_4.dpt,
Carbonates/synth_malachite/synth_malachite_ER_5.dpt,synthetics/malachite/synth_malachite_ER_IR_5.dpt,
Carbonates/synth_malachite/synth_malachite_ER_6.dpt,synthetics/malachite/synth_malachite_ER_IR_6.dpt,
Carbonates/synth_malachite/synth_malachite_ER_7.dpt,synthetics/malachite/synth_malachite_ER_IR_7.dpt,
Carbonates/synth_malachite/synth_malachite_ER_8.dpt,synthetics/malachite/synth_malachite_ER_IR_8.dpt,
Carbonates/synth_malachite/synth_malachite_ER_9.dpt,synthetics/malachite/synth_malachite_ER_IR_9.dpt,
Synthetics/ultramarine/synth_ultramarine_ATR.dpt,synthetics/ultramarine/synth_ultramarine_ATR.dpt,
Synthetics/ultramarine/synth_ultramarine_ER_1.0.dpt,synthetics/ultramarine/synth_ultramarine_ER_IR_1.dpt,
Synthetics/ultramarine/synth_ultramarine_ER_10.0.dpt,synthetics/ultramarine/synth_ultramarine_ER_IR_10.dpt,
Synthetics/ultramarine/synth_ultramarine_ER_2.0.dpt,synthetics/ultramarine/synth_ultramarine_ER_IR_2.dpt,
Synthetics/ultramarine/synth_ultramarine_ER_3.0.dpt,synthetics/ultramarine/synth_ultramarine_ER_IR_3.dpt,
Synthetics/ultramarine/synth_ultramarine_ER_4.0.dpt,synthetics/ultramarine/synth_ultramarine_ER_IR_4.dpt,
Synthetics/ultramarine/synth_ultramarine_ER_5.0.dpt,synthetics/ultramarine/synth_ultramarine_ER_IR_5.dpt,
Synthetics/ultramarine/synth_ultramarine_ER_6.0.dpt,synthetics/ultramarine/synth_ultramarine_ER_IR_6.dpt,
Synthetics/ultramarine/synth_ultramarine_ER_7.0.dpt,synthetics/ultramarine/synth_ultramarine_ER_IR_7.dpt,
Synthetics/ultramarine/synth_ultramarine_ER_8.0.dpt,synthetics/ultramarine/synth_ultramarine_ER_IR_8.dpt,
Synthetics/ultramarine/synth_ultramarine_ER_9.0.dpt,synthetics/ultramarine/synth_ultramarine_ER_IR_9.dpt,
Synthetics/Verdigris/verdigris_ATR.0.dpt,synthetics/verdigris/synth_verdigris_ATR.dpt,
Synthetics/Verdigris/verdigris_ER_1.0.dpt,synthetics/verdigris/synth_verdigris_ER_IR_1.dpt,
Synthetics/Verdigris/verdigris_ER_10.0.dpt,synthetics/verdigris/synth_verdigris_ER_IR_10.dpt,
Synthetics/Verdigris/verdigirs_ER_2.0.dpt,synthetics/verdigris/synth_verdigris_ER_IR_2.dpt,
Synthetics/Verdigris/verdigris_ER_3.0.dpt,synthetics/verdigris/synth_verdigris_ER_IR_3.dpt,
Synthetics/Verdigris/verdigris_ER_4.0.dpt,synthetics/verdigris/synth_verdigris_ER_IR_4.dpt,
Synthetics/Verdigris/verdigris_ER_5.0.dpt,synthetics/verdigris/synth_verdigris_ER_IR_5.dpt,
Synthetics/Verdigris/verdigris_ER_6.0.dpt,synthetics/verdigris/synth_verdigris_ER_IR_6.dpt,
Synthetics/Verdigris/verdigris_ER_7.0.dpt,synthetics/verdigris/synth_verdigris_ER_IR_7.dpt,
Synthetics/Verdigris/verdigris_ER_8.0.dpt,synthetics/verdigris/synth_verdigris_ER_IR_8.dpt,
Synthetics/Verdigris/verdigris_ER_9.0.dpt,synthetics/verdigris/synth_verdigris_ER_IR_9.dpt,
